通しNo,目録データファイル名,目録データプロパティ,パス,説明,サンプルデータ,クラスマッピングNo.,MADBマッピング（クラス）,MADBマッピング（原データ：プロパティ名）,加工仕様,加工後サンプルデータ,注記,入力日,入力者,更新日
1,rcgs_item_sparql_20220812.csv,s,-,当該リソースURI,https://collection.rcgs.jp/resource/ITEM0005763,1,ゲーム個別資料,メモ,"""https://collection.rcgs.jp/resource/"" を削除",ITEM0005763,,,福田,
2,rcgs_item_sparql_20220812.csv,exemplarOf,-,例示するパッケージ,https://collection.rcgs.jp/resource/PACKAGE0006406,1,ゲーム個別資料,例示されたパッケージ,該当するパッケージのIDに変換（メモより同定可能）,M720252,,,福田,
3,rcgs_item_sparql_20220812.csv,spatial,-,保管場所,A78,1,ゲーム個別資料,保管場所,,,,,福田,
4,rcgs_item_sparql_20220812.csv,holdingAgent,-,管理者の指定,https://collection.rcgs.jp/resource/AGENT0000848,1,ゲーム個別資料,管理者,該当する責任主体のIDに変換（メモより同定可能）,C45021,,,福田,
5,rcgs_item_sparql_20220812.csv,identifiers,-,リソースのID,RCGSa0009756|S9092,1,ゲーム個別資料,資料ID,"複数値が記録されている場合""RCGSa""を含むIDのみ保存する",RCGSa0009756,,,福田,
6,rcgs_item_sparql_20220812.csv,exemplarOf,-,例示するパッケージ,https://collection.rcgs.jp/resource/PACKAGE0006406,1,ゲーム簿別資料,所蔵DBリンク,"""/resource/"" を""/page/""に置換",https://collection.rcgs.jp/page/PACKAGE0006406,,,福田,
7,rcgs_package_sparql_2022.csv,s,-,リソースの記述単位毎に付与される識別子,https://collection.rcgs.jp/resource/PACKAGE0000001,2,ゲームパッケージ,メモ,"""https://collection.rcgs.jp/resource/"" を削除",PACKAGE0000001,,,福田,
8,rcgs_package_sparql_2022.csv,schema_name,-,リソースに表記される主要なタイトル,ドンキーコング,2,ゲームパッケージ,タイトル,,,,,福田,
9,rcgs_package_sparql_2022.csv,edition,-,リソースの版の識別のための指定,初回限定,2,ゲームパッケージ,版表示,,,,,福田,
10,rcgs_package_sparql_2022.csv,publicationPeriodicity,-,リソースの刊行の頻度の分類,http://rdaregistry.info/termList/frequency/1016,2,ゲームパッケージ,刊行頻度,,,統制語彙対応済,,福田,
11,rcgs_package_sparql_2022.csv,titleTranscription_jaHrkt,-,リソースのタイトルのカタカナによる翻字形,ドンキーコング,2,ゲームパッケージ,タイトル（ヨミ）,,,,,福田,
12,rcgs_package_sparql_2022.csv,titleTranscription_jaLatn,-,リソースのタイトルのローマ字による翻字形,Donkikongu,2,ゲームパッケージ,タイトル（ローマ字）,,,,,福田,
14,rcgs_package_sparql_2022.csv,accessRights,-,リソースのアクセス制限,一般,2,ゲームパッケージ,アクセス制限,,,,,福田,
15,rcgs_package_sparql_2022.csv,description,-,リソースの説明や注記とその他の属性で記録されない識別的特徴,後夜祭スペシャルプレビューディスク『前夜祭』同伴,2,ゲームパッケージ,概要,,,,,福田,
16,rcgs_package_sparql_2022.csv,format_carrierType,-,メインユニットのメディアの一般形の種別,http://rdaregistry.info/termList/RDACarrierType/1012,2,ゲームパッケージ,メインユニット形式-キャリア種別,,,統制語彙対応済,,福田,
17,rcgs_package_sparql_2022.csv,format_extent,-,メインユニットのメディアの数量,1 computer chip cartridge,2,ゲームパッケージ,メインユニット形式-数量,,,,,福田,
18,rcgs_package_sparql_2022.csv,format_encodingFormat,-,メインユニットのメディア形式,https://collection.rcgs.jp/resource/MEDIAFORMAT0000026,2,ゲームパッケージ,メインユニット形式-メディアフォーマット,,,統制語彙対応済,,福田,
19,rcgs_package_sparql_2022.csv,format_dimension,-,メインユニットの大きさの測定値,10.9 * 7 * 1.7 cm,2,ゲームパッケージ,メインユニット形式-大きさ,,,,,福田,
20,rcgs_package_sparql_2022.csv,format_fileSize,-,メインユニットのファイルサイズ,,2,ゲームパッケージ,メインユニット形式-ファイルサイズ,,,,,福田,
21,rcgs_package_sparql_2022.csv,hasPart,-,リソースの論理的・物理的に部分として持つリソース,,2,ゲームパッケージ,関連（hasPart）,該当するリソースのIDに変換（メモより同定可能）,,,,福田,
22,rcgs_package_sparql_2022.csv,identifier,-,同じもしくは関連するリソースを示す外部の典拠の識別子,,2,ゲームパッケージ,外部ID,,,,,福田,
23,rcgs_package_sparql_2022.csv,isPartOf,-,リソースの論理的・物理的な部分であるリソース,https://collection.rcgs.jp/resource/DEVICE0000626,2,ゲームパッケージ,関連（isPartOf）,該当するリソースのIDに変換（メモより同定可能）,,,,福田,
24,rcgs_package_sparql_2022.csv,issued,-,リソースが公開された日付,1983-07-15,2,ゲームパッケージ,公開年月日,,,,,福田,
25,rcgs_package_sparql_2022.csv,rights,-,リソースの権利の表記,"©1981 NINTENDO CO.,LTD.",2,ゲームパッケージ,著作権表記,,,,,福田,
26,rcgs_package_sparql_2022.csv,tableOfContents,-,リソースを構成するサブユニットのリスト,注意書 1枚|カートリッジ保護ジャケット 1枚,2,ゲームパッケージ,サブユニットリスト,,,,,福田,
27,rcgs_package_sparql_2022.csv,abbreviatedTitle,-,リソースのタイトルの省略形,A4,2,ゲームパッケージ,省略タイトル,,,,,福田,
28,rcgs_package_sparql_2022.csv,digitalFileType,-,コンピュータファイルとして符号化されたデータの内容の一般形の分類,http://rdaregistry.info/termList/fileType/1003,2,ゲームパッケージ,デジタルファイル種別,,,,,福田,
29,rcgs_package_sparql_2022.csv,distributor,-,リソースを頒布した主体,https://collection.rcgs.jp/resource/AGENT0003295,2,ゲームパッケージ,頒布者,該当する責任主体のIDに変換（メモより同定可能）,,,,福田,
30,rcgs_package_sparql_2022.csv,subunit_carrierType,-,サブユニットのメディアの一般形の種別,http://rdaregistry.info/termList/RDACarrierType/1049,2,ゲームパッケージ,サブユニット形式-キャリア種別,,,統制語彙対応済,,福田,
31,rcgs_package_sparql_2022.csv,subunit_extent,-,サブユニットのメディアの数量,9 pages,2,ゲームパッケージ,サブユニット形式-数量,,,,,福田,
32,rcgs_package_sparql_2022.csv,subunit_encodingFormat,-,サブユニットのメディア形式,,2,ゲームパッケージ,サブユニット形式-メディアフォーマット,,,統制語彙対応済,,福田,
33,rcgs_package_sparql_2022.csv,subunit_dimension,-,サブユニットの大きさの測定値,6.2 cm,2,ゲームパッケージ,サブユニット形式-大きさ,,,,,福田,
34,rcgs_package_sparql_2022.csv,subunit_fileSize,-,サブユニットのファイルサイズ,,2,ゲームパッケージ,サブユニット形式-ファイルサイズ,,,,,福田,
35,rcgs_package_sparql_2022.csv,manufacturer,-,リソースを製造した主体,,2,ゲームパッケージ,製造者,該当する責任主体のIDに変換（メモより同定可能）,,,,福田,
36,rcgs_package_sparql_2022.csv,middlewareOrGameEngine,-,リソースの制作に用いられたミドルウェアもしくはゲームエンジン,ADX,2,ゲームパッケージ,ミドルウェア・ゲームエンジン,,,,,福田,
37,rcgs_package_sparql_2022.csv,modelNumber,-,リソースの供給者が定義する型番による識別子,HVC-DK,2,ゲームパッケージ,型番,,,,,福田,
38,rcgs_package_sparql_2022.csv,modeOfIssuance,-,単独、複数部分での発行、更新方法ないしは終了の決定を反映した分類,http://rdaregistry.info/termList/ModeIssue/1001,2,ゲームパッケージ,刊行方式,,,,,福田,
39,rcgs_package_sparql_2022.csv,ndlBibID,-,リソースの国会図書館書誌IDによる識別子,,2,ゲームパッケージ,国会図書館書誌ID,,,,,福田,
40,rcgs_package_sparql_2022.csv,oclcNumber,-,リソースのOCLCによる識別子,,2,ゲームパッケージ,OCLCナンバー,,,,,福田,
41,rcgs_package_sparql_2022.csv,parallelTitle,-,リソースの主要なタイトル以外の表記されるタイトル,MARIO BROS,2,ゲームパッケージ,別タイトル,,,,,福田,
42,rcgs_package_sparql_2022.csv,producer,-,非複製物であるリソースを制作した主体,,2,ゲームパッケージ,制作者,該当する責任主体のIDに変換（メモより同定可能）,,,,福田,
43,rcgs_package_sparql_2022.csv,PA_publisherStatement,-,発行する主体の表示される名称,任天堂株式会社,2,ゲームパッケージ,発行者名,,,,,福田,
44,rcgs_package_sparql_2022.csv,PA_date,-,発行に関連する日付,1983-07-15,2,ゲームパッケージ,公開年月日,,,,,福田,
45,rcgs_package_sparql_2022.csv,PA_type,-,発行形式の一般形による種別,https://collection.rcgs.jp/terms/ProvisionActivity|http://www.rcgs.jp/terms/Publication,2,ゲームパッケージ,,,,マッピングしないが供給形式の判定に用いる,,福田,
46,rcgs_package_sparql_2022.csv,PA_publisherStatement,-,発行する主体の表示される名称,任天堂株式会社,2,ゲームパッケージ,出版者名,"PA_typeが""http://www.rcgs.jp/terms/Publication""のとき出版者名として記録する",,,,福田,
47,rcgs_package_sparql_2022.csv,PA_date,-,発行に関連する日付,1983-07-15,2,ゲームパッケージ,出版日,"PA_typeが""http://www.rcgs.jp/terms/Publication""のとき出版日として記録する",,,,福田,
48,rcgs_package_sparql_2022.csv,PA_spatial,-,発行に関連する場所,[京都府京都市],2,ゲームパッケージ,出版地,"PA_typeが""http://www.rcgs.jp/terms/Publication""のとき出版地として記録する",,,,福田,
49,rcgs_package_sparql_2022.csv,PA_source,-,発行についての情報源,,2,ゲームパッケージ,データ出典,,,,,福田,
50,rcgs_package_sparql_2022.csv,PA_note,-,発行に関する注記,,2,ゲームパッケージ,出版注記,"PA_typeが""http://www.rcgs.jp/terms/Publication""のとき出版注記として記録する",,,,福田,
51,rcgs_package_sparql_2022.csv,PA_publisherStatement,-,発行する主体の表示される名称,任天堂株式会社,2,ゲームパッケージ,制作者名,"PA_typeが""http://www.rcgs.jp/terms/Production""のとき出版者名として記録する",,,,福田,
52,rcgs_package_sparql_2022.csv,PA_date,-,発行に関連する日付,1983-07-15,2,ゲームパッケージ,制作日,"PA_typeが""http://www.rcgs.jp/terms/Production""のとき出版日として記録する",,,,福田,
53,rcgs_package_sparql_2022.csv,PA_spatial,-,発行に関連する場所,[京都府京都市],2,ゲームパッケージ,制作地,"PA_typeが""http://www.rcgs.jp/terms/Production""のとき出版地として記録する",,,,福田,
54,rcgs_package_sparql_2022.csv,PA_note,-,発行に関する注記,,2,ゲームパッケージ,制作注記,"PA_typeが""http://www.rcgs.jp/terms/Production""のとき出版注記として記録する",,,,福田,
55,rcgs_package_sparql_2022.csv,PA_publisherStatement,-,発行する主体の表示される名称,任天堂株式会社,2,ゲームパッケージ,製造者名,"PA_typeが""http://www.rcgs.jp/terms/Manufacture""のとき出版者名として記録する",,,,福田,
56,rcgs_package_sparql_2022.csv,PA_date,-,発行に関連する日付,1983-07-15,2,ゲームパッケージ,製造日,"PA_typeが""http://www.rcgs.jp/terms/Manufacture""のとき出版日として記録する",,,,福田,
57,rcgs_package_sparql_2022.csv,PA_spatial,-,発行に関連する場所,[京都府京都市],2,ゲームパッケージ,製造地,"PA_typeが""http://www.rcgs.jp/terms/Manufacture""のとき出版地として記録する",,,,福田,
58,rcgs_package_sparql_2022.csv,PA_note,-,発行に関する注記,,2,ゲームパッケージ,製造注記,"PA_typeが""http://www.rcgs.jp/terms/Manufacture""のとき出版注記として記録する",,,,福田,
59,rcgs_package_sparql_2022.csv,PA_publisherStatement,-,発行する主体の表示される名称,任天堂株式会社,2,ゲームパッケージ,頒布者名,"PA_typeが""http://www.rcgs.jp/terms/Distribution""のとき出版者名として記録する",,,,福田,
60,rcgs_package_sparql_2022.csv,PA_date,-,発行に関連する日付,1983-07-15,2,ゲームパッケージ,頒布日,"PA_typeが""http://www.rcgs.jp/terms/Distribution""のとき出版日として記録する",,,,福田,
61,rcgs_package_sparql_2022.csv,PA_spatial,-,発行に関連する場所,[京都府京都市],2,ゲームパッケージ,頒布地,"PA_typeが""http://www.rcgs.jp/terms/Distribution""のとき出版地として記録する",,,,福田,
62,rcgs_package_sparql_2022.csv,PA_note,-,発行に関する注記,,2,ゲームパッケージ,頒布注記,"PA_typeが""http://www.rcgs.jp/terms/Distribution""のとき出版注記として記録する",,,,福田,
63,rcgs_package_sparql_2022.csv,schema_volumeNumber,-,シリアルにおける出版の巻の指定、もしくは整数による号の指定,2,2,ゲームパッケージ,巻,,,,,福田,
64,rcgs_package_sparql_2022.csv,schema_issueNumber,-,シリアルにおける出版の号の指定,1,2,ゲームパッケージ,号,,,,,福田,
65,rcgs_package_sparql_2022.csv,schema_copyrightYear,-,リソースの著作権など保護の主張に関連する日付,©1981,2,ゲームパッケージ,著作権年,,,,,福田,
66,rcgs_package_sparql_2022.csv,publisher,-,リソースを出版した主体,https://collection.rcgs.jp/resource/AGENT0000474,2,ゲームパッケージ,出版者,該当する責任主体のIDに変換（メモより同定可能）,,,,福田,
67,rcgs_package_sparql_2022.csv,ratingContentDescriptor,-,年齢レーティングの要因を示す内容の種別の分類,セクシャル (CERO),2,ゲームパッケージ,レーティング内容記述子,,,,,福田,
68,rcgs_package_sparql_2022.csv,responsibilityStatement,-,リソースのタイトルの責任に関する表示,任天堂株式会社,2,ゲームパッケージ,作者名,,,,,福田,
69,rcgs_package_sparql_2022.csv,seriesStatement,-,リソースが属するシリーズのタイトルやシリーズ内ナンバーの表示,FAMILY COMPUTER|ドンキーコング,2,ゲームパッケージ,シリーズ名,,,,,福田,
70,rcgs_package_sparql_2022.csv,subseriesStatement,-,リソースが属するサブシリーズのタイトルやサブシリーズ内ナンバーの表示,NAMCOT ; 03,2,ゲームパッケージ,サブシリーズ表示,,,,,福田,
71,rcgs_package_sparql_2022.csv,variantTitle,-,リソースの他のタイトルの属性で記録されないタイトル,~Solomon~,2,ゲームパッケージ,その他のタイトル,,,,,福田,
72,rcgs_package_sparql_2022.csv,type,-,リソースが属するサブクラス,https://collection.rcgs.jp/terms/Package|https://collection.rcgs.jp/terms/PhysicalPackage|https://collection.rcgs.jp/terms/ConsoleGame,2,ゲームパッケージ,サブジャンル,"""https://collection.rcgs.jp/terms/PhysicalPackage"" が記録される場合「物理パッケージ」を記録",物理パッケージ,,,福田,
73,rcgs_package_sparql_2022.csv,type,-,リソースが属するサブクラス,https://collection.rcgs.jp/terms/Package|https://collection.rcgs.jp/terms/PhysicalPackage|https://collection.rcgs.jp/terms/ConsoleGame,2,ゲームパッケージ,キーワード・タグ,"以下の対応関係で変換 ""https://collection.rcgs.jp/terms/ConsoleGame"":""家庭用据置型ゲーム"", ""https://collection.rcgs.jp/terms/PCGame"":""PCゲーム"", ""https://collection.rcgs.jp/terms/TableTopGame"":""テーブルトップゲーム"", ""https://collection.rcgs.jp/terms/HandheldGameConsole"":""家庭用携帯型ゲーム""",家庭用ゲーム,,,福田,
74,rcgs_package_sparql_2022.csv,brand,-,リソースの責任に関するブランド,BANDAI,2,ゲームパッケージ,ブランド,,,,,福田,
75,rcgs_package_sparql_2022.csv,contactPoints,-,リソースに表記されるアクセス先である電話番号,本社 TEL(075)541-6113(代)|東京支店 TEL(03) 3254-1781(代)|大阪支店 TEL(06)245-4155(代)|名古屋営業所 TEL(052) 571-2506(代)|岡山営業所 TEL(0862) 52-1821(代)|札幌営業所 TEL(011) 621-0513(代),2,ゲームパッケージ,電話番号,,,,,福田,
76,rcgs_package_sparql_2022.csv,contentRating,-,リソースが想定する対象者を示す年齢レーティングの分類,https://collection.rcgs.jp/resource/RATING0000001,2,ゲームパッケージ,レーティング,,,統制語彙対応済,,福田,
77,rcgs_package_sparql_2022.csv,gamePlatform,-,リソースをプレイするためのゲームプラットフォーム,https://collection.rcgs.jp/resource/PLATFORM0000063,2,ゲームパッケージ,ゲームプラットフォーム,"""https://collection.rcgs.jp/resource/"" を削除することで統制語彙に該当（要確認）",,,,福田,
78,rcgs_package_sparql_2022.csv,gtin13,-,リソースの主にバーコードで提供されるGTINによる識別子,4.99E+12,2,ゲームパッケージ,商品識別コード,,,,,福田,
79,rcgs_package_sparql_2022.csv,isbn,-,リソースのISBNによる識別子,9.78434E+12,2,ゲームパッケージ,ISBN,,,,,福田,
80,rcgs_package_sparql_2022.csv,issn,-,リソースのISSNによる識別子,,2,ゲームパッケージ,ISSN,,,,,福田,
81,rcgs_package_sparql_2022.csv,numberOfPlayers,-,リソースを同時にプレイする人数,1 Player,2,ゲームパッケージ,プレイヤー数,,,,,福田,
82,rcgs_package_sparql_2022.csv,price,-,リソースの供給者による希望小売価格,"[4,500円（税抜）]",2,ゲームパッケージ,価格,,,,,福田,
83,rcgs_package_sparql_2022.csv,requirement,-,リソースのプレイの要件となる装置もしくはシステムの要件,推奨環境 [追記要件] B面空欄(ソフトの書き込み可能) ,2,ゲームパッケージ,システム要件,,,,,福田,
84,rcgs_package_sparql_2022.csv,serialNumber,-,シリアルにおける部分を示す順番に基づく指定の表示,1(1)=1,2,ゲームパッケージ,シリアルナンバー,,,,,福田,
85,rcgs_package_sparql_2022.csv,thumbnailUrl,-,ゲームパッケージのサムネイル画像,,2,ゲームパッケージ,サムネイル,,,,,福田,
86,rcgs_package_sparql_2022.csv,url,-,リソースの制作者や供給者によるオフィシャルウェブサイト,1024 * 768,2,ゲームパッケージ,オフィシャルウェブサイト,,,,,福田,
87,rcgs_package_sparql_2022.csv,videoFrameSize,-,デジタル画像の明瞭度または細かさ,,2,ゲームパッケージ,解像度,,,,,福田,
88,rcgs_package_sparql_2022.csv,dimension,-,リソースの大きさの測定値,7.3 * 11.4 * 2 cm,2,ゲームパッケージ,コンテナ大きさ,,,,,福田,
89,rcgs_package_sparql_2022.csv,medium,-,リソースを物理的に構成する素材の分類,http://rdaregistry.info/termList/RDAMaterial/1007|http://rdaregistry.info/termList/RDAMaterial/1022|http://rdaregistry.info/termList/RDAMaterial/1025|http://rdaregistry.info/termList/RDAMaterial/1029,2,ゲームパッケージ,素材,,,統制語彙対応済,,福田,
90,rcgs_package_sparql_2022.csv,source,-,リソースを作成する上で参照したリソース,Price from 超絶大技林 2011年秋完全全機種版 / 金田一技彦 監|Title from cartridge label,2,ゲームパッケージ,データ出典,,,,,福田,
91,rcgs_package_sparql_2022.csv,embodiedWork,-,リソースにより具体化される作品,https://collection.rcgs.jp/resource/WORK0001340,2,ゲームパッケージ,ゲーム作品,該当するゲーム作品のIDに変換（メモより同定可能）,,,,福田,
92,rcgs_package_sparql_2022.csv,embodimentOf,-,リソースにより具体化されるバリエーション,https://collection.rcgs.jp/resource/VARIATION0000001,2,ゲームパッケージ,ゲームバリエーション,該当するゲームバリエーションのIDに変換（メモより同定可能）,,,,福田,
93,,N/A,-,,,2,ゲームパッケージ,サブタイプ,"""gm""を記録",gm,,,福田,
94,,N/A,-,,,2,ゲームパッケージ,ジャンル,"""ゲームパッケージ""を記録",,,,福田,
95,rcgs_package_sparql_2022.csv,publisher,-,リソースを出版した主体,https://collection.rcgs.jp/resource/AGENT0000474,2,ゲームパッケージ,発行者,該当する責任主体のIDに変換（メモより同定可能）,,,,福田,
96,rcgs_package_sparql_2022.csv,producer,-,非複製物であるリソースを制作した主体,,2,ゲームパッケージ,発行者,該当する責任主体のIDに変換（メモより同定可能）,,,,福田,
97,rcgs_package_sparql_2022.csv,manufacturer,-,リソースを製造した主体,,2,ゲームパッケージ,発行者,該当する責任主体のIDに変換（メモより同定可能）,,,,福田,
98,rcgs_package_sparql_2022.csv,distributor,-,リソースを頒布した主体,https://collection.rcgs.jp/resource/AGENT0003295,2,ゲームパッケージ,発行者,該当する責任主体のIDに変換（メモより同定可能）,,,,福田,
99,,N/A,-,,,2,ゲームパッケージ,タイプ,"""GamePackage""を記録",,,,福田,
100,rcgs_package_sparql_2022.csv,videoFormat,-,,NTSC J,2,ゲームパッケージ,放送標準,,,,,福田,
101,rcgs_package_sparql_2022.csv,regionsAllowed,-,,リージョン2,2,ゲームパッケージ,リージョンコード,,,,,福田,
102,rcgs_package_sparql_2022.csv,jpNumber,-,,20218851,2,ゲームパッケージ,外部ID,"値があるときは冒頭に""JPNO:△""を追加する",JPNO: 20218851,,,福田,
103,rcgs_person_sparql_2022.csv,s,-,リソースの記述単位毎に付与される識別子,https://collection.rcgs.jp/resource/AGENT0005601,3,責任主体,メモ,"""https://collection.rcgs.jp/resource/"" を削除",AGENT0005601,,,福田,
104,rcgs_person_sparql_2022.csv,prefLabel_ja,-,リソースの優先的に用いられる日本語の名称,郷里大輔,3,責任主体,名称,,,,,福田,
105,rcgs_person_sparql_2022.csv,prefLabel_en,-,リソースの優先的に用いられる英語の名称,Daisuke Gōri,3,責任主体,名称（外国語）,,,,,福田,
106,rcgs_person_sparql_2022.csv,altLabels,-,リソースの代替的に用いられる名称,Daisuke Gori|Gōri Daisuke|Gori Daisuke|Yoshio Nagahori|Nagahori Yoshio|Daisuke Gouri|Gouri Daisuke|長堀芳夫|長堀芳夫|郷里大輔,3,責任主体,別タイトル,,,,,福田,
107,rcgs_person_sparql_2022.csv,homepages,-,リソースのウェブサイト,http://www.gentleecho.net,3,責任主体,ウェブサイト,,,,,福田,
108,rcgs_person_sparql_2022.csv,descriptions,-,リソースの略歴,株式会社カプコン、クローバースタジオ株式会社、SEEDS株式会社を経て、プラチナゲームズ株式会社に所属。(2018年退社)2018年12月MIYABI GAME AUDIO株式会社設立。,3,責任主体,概要,,,,,福田,
109,rcgs_person_sparql_2022.csv,identifiers,-,同じもしくは関連するリソースを示す外部の典拠の識別子,ISNI:0000 0004 8283 717X,3,責任主体,識別子,,,,,福田,
110,rcgs_person_sparql_2022.csv,ndlAuthoritiesIDs,-,リソースの国立国会図書館典拠ファイルによる識別子,https://id.ndl.go.jp/auth/ndlna/00900316,3,責任主体,国立国会図書館典拠ID,,,,,福田,
111,rcgs_person_sparql_2022.csv,viafIDs,-,リソースのバーチャル国際典拠ファイルによる識別子,https://viaf.org/viaf/8146151052006933530004,3,責任主体,外部の関連リソース,,VIAF: ,,,福田,
112,rcgs_person_sparql_2022.csv,wikidataIDs,-,リソースのWikidataによる識別子,https://www.wikidata.org/entity/Q2280487,3,責任主体,Wikidata ID,,,,,福田,
113,rcgs_person_sparql_2022.csv,twitterIDs,-,リソースのTwitterアカウントの識別子,https://twitter.com/CristinaVee,3,責任主体,twitter ID,,,,,福田,
114,rcgs_person_sparql_2022.csv,seeAlsos,-,同じもしくは関連するリソースを示す外部のウェブサイト,https://ja.wikipedia.org/wiki/郷里大輔,3,責任主体,外部の関連リソース,,,,,福田,
115,rcgs_person_sparql_2022.csv,languages,-,リソースが表現や記録に用いる言語,http://id.loc.gov/vocabulary/iso639-2/eng,3,責任主体,言語,"""http://id.loc.gov/vocabulary/iso639-2/"" を削除",eng,,,福田,
116,rcgs_person_sparql_2022.csv,disambiguatingDescriptions,-,リソースの他の属性で記録されない識別的特徴,ポケモンカードの生みの親。,3,責任主体,その他の識別的特徴,,,,,福田,
117,rcgs_person_sparql_2022.csv,notes,-,リソースの識別に関する注記,,3,責任主体,その他の識別的特徴,,,,,福田,
118,rcgs_person_sparql_2022.csv,hasOccupations,-,個人の本業や副業,声優,3,責任主体,職業専門分野,,,,,福田,
119,rcgs_person_sparql_2022.csv,birthDates,-,個人の生年,1952,3,責任主体,生年月日,,,,,福田,
120,rcgs_person_sparql_2022.csv,deathDates,-,個人の没年,2010,3,責任主体,没年月日,,,,,福田,
121,rcgs_person_sparql_2022.csv,birthPlaces,-,個人の誕生した場所,東京都江東区,3,責任主体,出生地,,,,,福田,
122,rcgs_person_sparql_2022.csv,deathPlaces,-,個人の死没した場所,東京都中野区本町,3,責任主体,死没地,,,,,福田,
123,rcgs_person_sparql_2022.csv,homeLocations,-,個人の居住地,東京,3,責任主体,住所,,,,,福田,
124,rcgs_person_sparql_2022.csv,mboxs,-,個人の公開されたメールアドレス,,3,責任主体,メールアドレス,,,,,福田,
125,rcgs_person_sparql_2022.csv,addressCountrys,-,個人を識別するための国,JP,3,責任主体,国際地域,,,,,福田,
126,rcgs_person_sparql_2022.csv,additionalNames,-,個人の名称の展開形,,3,責任主体,フルネーム,,,,,福田,
127,rcgs_person_sparql_2022.csv,titles,-,"個人の称号 (Mr, Mrs, Ms, Dr. etc) ",,3,責任主体,敬称,,,,,福田,
128,rcgs_person_sparql_2022.csv,source,-,レコードを作成する上で参照したリソース,"https://collection.rcgs.jp/resource/VARIATION0017681|https://www.mobygames.com/developer/sheet/view/developerId,452046/ (accessed 2019-12-10)|https://ja.wikipedia.org/wiki/郷里大輔 (accessed 2019-12-10)|https://www.wikidata.org/entity/Q2280487 (accessed 2020-08-28)",3,責任主体,データ出典,,,,,福田,
129,,N/A,-,,,3,責任主体,サブジャンル,"""個人""を記録する",,,,福田,
130,,N/A,-,,,3,責任主体,サブタイプ,"""co""を記録する",,,,福田,
131,,N/A,-,,,3,責任主体,ジャンル,"""責任主体""を記録する",,,,福田,
132,,N/A,-,,,3,責任主体,タイプ,"""Agent""が記録される",,,,福田,
133,rcgs_organization_sparql_2022.csv,s,-,リソースの記述単位毎に付与される識別子,https://collection.rcgs.jp/resource/AGENT0000790,4,責任主体,メモ,"""https://collection.rcgs.jp/resource/"" を削除",AGENT0000790,,,福田,
134,rcgs_organization_sparql_2022.csv,skos_prefLabel_ja,-,リソースの優先的に用いられる日本語の名称,徳間書店,4,責任主体,名称,,,,,福田,
135,rcgs_organization_sparql_2022.csv,skos_prefLabel_en,-,リソースの優先的に用いられる外国語の名称,Tokuma Shoten,4,責任主体,名称（外国語）,,,,,福田,
136,rcgs_organization_sparql_2022.csv,rcgs_viafID,-,リソースのバーチャル国際典拠ファイルによる識別子,https://viaf.org/viaf/144258093,4,責任主体,外部の関連リソース,,,,,福田,
137,rcgs_organization_sparql_2022.csv,rcgs_wikidataID,-,リソースのWikidataによる識別子,https://www.wikidata.org/entity/Q1372258,4,責任主体,Wikidata ID,,,,,福田,
138,rcgs_organization_sparql_2022.csv,rcgs_twitterID,-,リソースのTwitterアカウントの識別子,https://twitter.com/AceRocBooks,4,責任主体,twitter ID,,,,,福田,
139,rcgs_organization_sparql_2022.csv,schema_startDate,-,団体の設立日,1954/3/19,4,責任主体,設立日,,,,,福田,
140,rcgs_organization_sparql_2022.csv,schema_endDate,-,団体の廃止日,2006,4,責任主体,終了年月日（廃止日）,,,,,福田,
141,rcgs_organization_sparql_2022.csv,schema_address,-,団体の住所,東京都品川区上大崎3丁目1番1号目黒セントラルスクエア,4,責任主体,住所,,,,,福田,
142,rcgs_organization_sparql_2022.csv,altLabels,-,リソースの代替的に用いられる名称,株式会社徳間書店,4,責任主体,別タイトル,,,,,福田,
143,rcgs_organization_sparql_2022.csv,homepages,-,リソースのウェブサイト,http://www.tokuma.jp/,4,責任主体,ウェブサイト,,,,,福田,
144,rcgs_organization_sparql_2022.csv,descriptions,-,リソースの略歴,1954年、東京都港区に「株式会社東西芸能出版社」を創立。1967年、アサヒ芸能出版株式会社と株式会社徳間書店合併。商号を株式会社徳間書店とする。2017年、カルチュア・コンビニエンス・クラブ株式会社の子会社となる。|郵便番号:105-8055,4,責任主体,概要,,,,,福田,
145,rcgs_organization_sparql_2022.csv,identifiers,-,同じもしくは関連するリソースを示す外部の典拠の識別子,,4,責任主体,識別子,,,,,福田,
146,rcgs_organization_sparql_2022.csv,seeAlsos,-,同じもしくは関連するリソースを示す外部のウェブサイト,https://mediaarts-db.bunka.go.jp/id/C45002|https://ja.wikipedia.org/wiki/徳間書店,4,責任主体,関連するリソース,,,,,福田,
147,rcgs_organization_sparql_2022.csv,languages,-,リソースが表現や記録に用いる言語,http://id.loc.gov/vocabulary/iso639-2/jpn,4,責任主体,言語,"""http://id.loc.gov/vocabulary/iso639-2/"" を削除",jpn,,,福田,
148,rcgs_organization_sparql_2022.csv,disambiguatingDescriptions,-,リソースの他の属性で記録されない識別的特徴,,4,責任主体,その他の識別的特徴,,,,,福田,
149,rcgs_organization_sparql_2022.csv,notes,-,リソースの識別に関する注記,NIGOROはブランドネームであり、代理販売をする場合はアスタリズムの名前で販売している。,4,責任主体,その他の識別的特徴,,,,,福田,
150,rcgs_organization_sparql_2022.csv,additionalTypes,-,団体の一般形の分類,企業,4,責任主体,その他の識別的特徴,"値があるときは冒頭に""団体種別:△""を追加する",団体種別: 企業,,,福田,
151,rcgs_organization_sparql_2022.csv,relatedOrganizations,-,団体に関連のある団体,https://collection.rcgs.jp/resource/AGENT0000816|https://collection.rcgs.jp/resource/AGENT0003169,4,責任主体,関連する団体,該当する責任主体のIDに変換（メモより同定可能）,,,,福田,
152,rcgs_organization_sparql_2022.csv,members,-,団体のメンバーの個人,,4,責任主体,メンバー,該当する責任主体のIDに変換（メモより同定可能）,,,,福田,
153,rcgs_organization_sparql_2022.csv,source,-,レコードを作成する上で参照したリソース,http://www.tokuma.jp/company/profile.html (accessed 2018-12-03)|https://ja.wikipedia.org/wiki/徳間書店 (accessed 2018-12-03),4,責任主体,データ出典,,,,,福田,
154,,N/A,,,,4,責任主体,サブジャンル,"""団体""を記録する",,,,福田,
155,,N/A,,,,4,責任主体,サブタイプ,"""co""を記録する",,,,福田,
156,,N/A,,,,4,責任主体,タイプ,"""Agent""を記録する",,,,福田,
157,,N/A,,,,4,責任主体,ジャンル,"""責任主体""を記録する",,,,福田,
158,ndlbibresource2309.csv,s,-,[リソースID],http://iss.ndl.go.jp/books/R100000002-I029672031-00#material,5,ゲームパッケージ,,,,,,福田,
159,ndlbibresource2309.csv,creatorName,-,"当該情報資源の作成者をリテラルで記述する場合、当該語彙を使用
する。",,5,ゲームパッケージ,作者名,,,,,福田,
160,ndlbibresource2309.csv,creatorID,-,当該情報資源の作成者を構造化又は URI により表現する場合、当該語彙を使用する。,,5,ゲームパッケージ,作者名（ヨミ）,,,,,福田,
161,ndlbibresource2309.csv,seeAlso,-,[JPNOのURI],http://id.ndl.go.jp/jpno/23214851,5,ゲームパッケージ,,,,,,福田,
162,ndlbibresource2309.csv,publicationPlace,-,出版地・頒布地に関する情報をここに収める。情報資源の出版地・頒布地を記述する場合（書誌情報を主語に持つ場合）に使用する。,JP,5,ゲームパッケージ,,,,,,福田,
163,ndlbibresource2309.csv,accessRights,-,当該メタデータ及び記述対象とする情報資源へのアクセスを制御するための情報をここに収める。,S01P99U99,5,ゲームパッケージ,,,,,,福田,
164,ndlbibresource2309.csv,publisher_name,-,[出版者名],レベルファイブ,5,ゲームパッケージ,出版者名,,,,,福田,
165,ndlbibresource2309.csv,publisher_location,-,出版者を記述対象とし、その出版者の所在に関する情報を記録する場合に、当該語彙を使用する。,[福岡],5,ゲームパッケージ,出版地,,,,,福田,
166,ndlbibresource2309.csv,publisher_description,-,[出版注記],,5,ゲームパッケージ,出版注記,,,,,福田,
167,ndlbibresource2309.csv,publisher_transcription,-,[出版社名の翻字],レベル ファイブ,5,ゲームパッケージ,,,,,,福田,
168,ndlbibresource2309.csv,price,-,当該情報資源の販売価格をここに収める。,,5,ゲームパッケージ,価格,,,,,福田,
169,ndlbibresource2309.csv,materialType,-,当該情報資源の資料種別をここに収める。NDL Type 及び DCMI Typeを用いて資料種別を表現する際に使用する。,http://ndl.go.jp/ndltype/ElectronicResource|http://ndl.go.jp/ndltype/Game,5,ゲームパッケージ,,,,,,福田,
170,ndlbibresource2309.csv,ISBNs,-,ISBN,,5,ゲームパッケージ,ISBN,,,,,福田,
171,ndlbibresource2309.csv,PBNOs,-,PBNO,LNA-CTR-AVSJ-JPN,5,ゲームパッケージ,型番,,,,,福田,
172,ndlbibresource2309.csv,JPNOs,-,JPNO,23214851,5,ゲームパッケージ,外部ID,"値があるときは冒頭に""JPNO:△""を追加する",JPNO: 23214851,,,福田,
173,ndlbibresource2309.csv,RIS502s,-,[レコード商品番号体系],,5,ゲームパッケージ,外部ID,"値があるときは冒頭に""RIS502:△""を追加する",,,,福田,
174,ndlbibresource2309.csv,genre,-,"当該情報資源のジャンル・形式用語を構造化又は URI により表現す
る",,5,ゲームパッケージ,キーワード・タグ,,,,,福田,
175,ndlbibresource2309.csv,volume,-,当該情報資源の巻次又は部編番号をここに収める。,,5,ゲームパッケージ,巻,,,,,福田,
176,ndlbibresource2309.csv,volume_transcription,-,[volumeの翻字],,5,ゲームパッケージ,,,,,,福田,
177,ndlbibresource2309.csv,title_value,-,[タイトル],レイトン教授vs逆転裁判,5,ゲームパッケージ,タイトル,,,,,福田,
178,ndlbibresource2309.csv,title_transcription,-,[タイトルの翻字],レイトン キョウジュ vs ギャクテン サイバン,5,ゲームパッケージ,タイトル（ヨミ）,,,,,福田,
179,ndlbibresource2309.csv,extent,-,"当該情報資源のページ数、大きさ、付属資料、ファイル容量等、形
態に関する情報をここに収める。",ROMカートリッジ 1個 ; 3.5×3.5cm + 操作説明シート 1枚 (12×12cm),5,ゲームパッケージ,概要,"値があるときは冒頭に""キャリア:△""を追加する",キャリア: ROMカートリッジ 1個 ; 3.5×3.5cm + 操作説明シート 1枚 (12×12cm),,,福田,
180,ndlbibresource2309.csv,issued,-,当該情報資源の出版年月日をここに収める,2012,5,ゲームパッケージ,公開年月日,,,,,福田,
181,ndlbibresource2309.csv,subject,-,"当該情報資源の内容を表す統制語彙、分類記号、フリーキーワード
等を構造化又は URI により表現する場合、当該語彙を使用する。",http://id.ndl.go.jp/class/ndlc/YH519,5,ゲームパッケージ,キーワード・タグ,,,,,福田,
182,ndlbibresource2309.csv,record,-,"管理情報から書誌情報へのリンク、書誌情報から個体情報へのリン
クとして使用する。",http://iss.ndl.go.jp/books/R100000002-I029672031-00#item,5,ゲームパッケージ,,,,,,福田,
183,ndlbibresource2309.csv,edition,-,版・バージョンに関する情報をここに収める。,,5,ゲームパッケージ,版表示,,,,,福田,
184,ndlbibresource2309.csv,seriesTitle,-,[シリーズのタイトル],,5,ゲームパッケージ,シリーズ名,,,,,福田,
185,ndlbibresource2309.csv,seriesTitle_transcription,-,"Series Title の読み又は翻字形をここに収める。RDF 形式を用いて、
Series Title の値とセットで読み又は翻字形を表現できない場合、
Series Title Transcription を使用する。",,5,ゲームパッケージ,シリーズ名（ヨミ）,,,,,福田,
186,ndlbibresource2309.csv,title,-,"当該情報資源のタイトルをリテラル（変数・関数ではない、文字
列・数値等のデータ）で記述する場合、当該語彙を使用する。",レイトン教授vs逆転裁判,5,ゲームパッケージ,,,,,,福田,
187,ndlbibresource2309.csv,abstract,-,当該情報資源の要約・抄録等をここに収める。,,5,ゲームパッケージ,概要,"値があるときは冒頭に""要約:△""を追加する",,,,福田,
188,ndlbibresource2309.csv,language,-,当該情報資源の記述言語をここに収める。,jpn,5,ゲームパッケージ,言語,,,,,福田,
189,ndlbibresource2309.csv,alternative,-,"別タイトル（本タイトルの別言語又は別文字による表示形等）をこ
こに収める。",,5,ゲームパッケージ,別タイトル,,,,,福田,
190,ndlbibresource2309.csv,alternative_transcription,-,[別タイトルの翻字],,5,ゲームパッケージ,別タイトル,,,適切なマッピング先無し,,福田,
191,ndlbibresource2309.csv,description,-,当該情報資源に関する注記をここに収める。,資料種別 : [電子資料]|電子的内容 : アプリケーション・プログラム|システム要件 : ニンテンドー3DS|ホルダー入 (13×14cm)|ナゾトキ・法廷アドベンチャー,5,ゲームパッケージ,概要,,,,,福田,
192,ndlbibresource2309.csv,partInformation_creator,-,[内容細目の作者],,5,ゲームパッケージ,概要,"値があるときは冒頭に""内容細目作者:△""を追加する",内容細目作者: 森田脩平 脚本・監督|大友克洋 脚本・監督|安藤裕章 監督|石井克人 原案・脚本|カトキハジメ 脚本・監督|大友克洋 原作,,,福田,
193,ndlbibresource2309.csv,partInformation,-,内容細目（単行書の構成レベルに相当する各著作）のタイトルと作成者をセットで表現する場合に当該語彙を使用する。,,5,ゲームパッケージ,サブユニットリスト,,,,,福田,
194,,N/A,,,,5,ゲームパッケージ,ゲームプラットフォーム,descriptionにシステム要件としてプラットフォームを示す文字列がある場合、プラットフォームを記録する,,,,福田,
195,,N/A,,,,5,ゲームパッケージ,サブジャンル,"""物理パッケージ""を記録する",,,,福田,
196,,N/A,,,,5,ゲームパッケージ,サブタイプ,"""gm""を記録する",,,,福田,
197,,N/A,,,,5,ゲームパッケージ,タイプ,"""GamePackage""を記録",,,,福田,
198,,N/A,,,,5,ゲームパッケージ,ジャンル,"""ゲームパッケージ""を記録する",,,,福田,
199,ndlitem2309.csv,s,-,[リソースID],http://iss.ndl.go.jp/books/R100000002-I031510345-00#item,6,ゲーム個別資料,メモ,,,,,福田,
200,ndlitem2309.csv,bibResources,-,[個別資料のパッケージ],http://iss.ndl.go.jp/books/R100000002-I031510345-00#material,6,ゲーム個別資料,,,,,,福田,
201,ndlitem2309.csv,seeAlso,-,[NDLオンラインの当該リソースへのリンク],http://id.ndl.go.jp/bib/031510345,6,ゲーム個別資料,所蔵DBリンク,,,,,福田,
202,ndlitem2309.csv,localCallNumber,-,"当該情報資源を保有する所蔵館におけるローカル請求記号を収め
る。",,6,ゲーム個別資料,,,,,,福田,
203,ndlitem2309.csv,holdingAgent_name,-,当該情報資源を保有する所蔵館名をここに収める。,国立国会図書館,6,ゲーム個別資料,,,,,,福田,
204,ndlitem2309.csv,holdingAgent_identifier,-,[所蔵館ID],0,6,ゲーム個別資料,,,,,,福田,
205,ndlitem2309.csv,callNumber,-,当該情報資源を保有する所蔵館における正請求記号をここに収める。,YH259-M548,6,ゲーム個別資料,保管場所,,,,,福田,
206,ndlitem2309.csv,identifier,-,各種識別子をここに収める。,31510345,6,ゲーム個別資料,,,,,,福田,
207,,N/A,,,,6,ゲーム個別資料,管理者,"""C46762""を記録する",,https://mediaarts-db.bunka.go.jp/id/C46762,,福田,
208,,N/A,,,,6,ゲーム個別資料,保管者,"""C46762""を記録する",,https://mediaarts-db.bunka.go.jp/id/C46762,,福田,
209,,N/A,,,,6,ゲーム個別資料,サブタイプ,"""gm""を記録する",,,,福田,
210,,N/A,,,,6,ゲーム個別資料,タイプ,"""GameItem""を記録",,適切な入力文字列を要確認,,福田,
211,rcgs_variation_sparql_2309.csv,s,-,,https://collection.rcgs.jp/resource/VARIATION0000001,7,ゲームバリエーション,メモ,"""https://collection.rcgs.jp/resource/""を削除",VARIATION0000001,IDを記録する,,福田,
212,rcgs_variation_sparql_2309.csv,type,-,,https://collection.rcgs.jp/terms/Variation,7,ゲームバリエーション,タイプ,"""https://collection.rcgs.jp/terms/Variation""を""GameVariation""に置換",GameVariation,,,福田,
213,rcgs_variation_sparql_2309.csv,label,-,リソースの文字列構造化もしくは符号化による識別のための名称,ドンキーコング (1981). jpn. ファミリーコンピュータ,7,ゲームバリエーション,タイトル,,,,,福田,
214,rcgs_variation_sparql_2309.csv,color,-,リソースの内容における色や色調,http://rdaregistry.info/termList/RDAColourContent/1003,7,ゲームバリエーション,色彩,,,,,福田,
215,rcgs_variation_sparql_2309.csv,audio,-,リソースの内容における音声の有無,http://rdaregistry.info/termList/soundCont/1001,7,ゲームバリエーション,音声,,,,,福田,
216,rcgs_variation_sparql_2309.csv,language,-,リソースの内容の言語,http://id.loc.gov/vocabulary/iso639-2/jpn,7,ゲームバリエーション,言語,"""http://id.loc.gov/vocabulary/iso639-2/"" を削除",jpn,,,福田,
217,rcgs_variation_sparql_2309.csv,date,-,リソースに関連する日付,1983,7,ゲームバリエーション,公開年月日,,,,,福田,
218,rcgs_variation_sparql_2309.csv,gamePlatform,-,リソースをプレイするためのゲームプラットフォーム,ファミリーコンピュータ,7,ゲームバリエーション,ゲームプラットフォーム,,,,,福田,
219,rcgs_variation_sparql_2309.csv,aspectRatio,-,リソースの動画の幅と高さの数値の比率,http://rdaregistry.info/termList/AspectRatio/1001,7,ゲームバリエーション,アスペクト比,,,,,福田,
220,rcgs_variation_sparql_2309.csv,middlewareOrGameEngine,-,リソースの制作に用いられたミドルウェアもしくはゲームエンジン,,7,ゲームバリエーション,ミドルウェア・ゲームエンジン,,,,,福田,
221,rcgs_variation_sparql_2309.csv,dimension,-,ゲーム内の表象的実体の深さや奥行きについての意図された形式や見方,,7,ゲームバリエーション,概要,"値があるときは冒頭に""次元:△""を追加する",,,,福田,
222,rcgs_variation_sparql_2309.csv,pointOfView,-,ゲーム内におけるプレイヤーが経験する視点の形式,,7,ゲームバリエーション,概要,"値があるときは冒頭に""視点:△""を追加する",,,,福田,
223,rcgs_variation_sparql_2309.csv,ending,-,エンディングの有無,,7,ゲームバリエーション,概要,"値があるときは冒頭に""エンディング:△""を追加する",,,,福田,
224,rcgs_variation_sparql_2309.csv,multipleEnding,-,マルチエンディングの有無,,7,ゲームバリエーション,概要,"値があるときは冒頭に""マルチエンディング:△""を追加する",,,,福田,
225,rcgs_variation_sparql_2309.csv,disambiguatingDescription,-,他の属性や関連で記録されないリソースの識別的特徴,,7,ゲームバリエーション,その他の識別的特徴,,,,,福田,
226,rcgs_variation_sparql_2309.csv,difficultyOption,-,選択できる難易度の段階やリスト,,7,ゲームバリエーション,概要,"値があるときは冒頭に""難易度選択:△""を追加する",,,,福田,
227,rcgs_variation_sparql_2309.csv,award,-,リソースの内容に授与された賞,,7,ゲームバリエーション,賞,,,,,福田,
228,rcgs_variation_sparql_2309.csv,abstract,-,リソースの内容の概要,,7,ゲームバリエーション,概要,,,,,福田,
229,rcgs_variation_sparql_2309.csv,postGameContents,-,エンディング後のさらなるゲームプレイのための内容の有無,,7,ゲームバリエーション,概要,"値があるときは冒頭に""ポストゲームコンテンツ:△""を追加する",,,,福田,
230,rcgs_variation_sparql_2309.csv,source,-,情報源：管理メタデータより,PACKAGE0000001|https://ja.wikipedia.org/wiki/ドンキーコング (accessed 2018/10/24),7,ゲームバリエーション,データ出典,,,,,福田,
231,rcgs_variation_sparql_2309.csv,agent,-,リソースに貢献した主体,,7,ゲームバリエーション,スタッフ名,,,,,福田,
232,rcgs_variation_sparql_2309.csv,contentType,-,リソースの形態の一般形による種別,http://rdaregistry.info/termList/RDAContentType/1008|http://rdaregistry.info/termList/RDAContentType/1023|http://rdaregistry.info/termList/RDAContentType/1012|http://rdaregistry.info/termList/RDAContentType/1020,7,ゲームバリエーション,内容種別,,,,,福田,
233,rcgs_variation_sparql_2309.csv,variationOf,-,リソースにより実現される作品,https://collection.rcgs.jp/resource/WORK0001340,7,ゲームバリエーション,ゲーム作品,該当するゲーム作品のIDに変換（メモより同定可能）,,,,福田,
234,rcgs_variation_sparql_2309.csv,embodiment,-,リソースを具体化するパッケージ,https://collection.rcgs.jp/resource/PACKAGE0000001,7,ゲームバリエーション,収録されたパッケージ,該当するゲームパッケージのIDに変換（メモより同定可能）,,,,福田,
235,,N/A,,,,7,ゲームバリエーション,ジャンル,"""ゲームバリエーション""を記録する",ゲームバリエーション,,,,
236,,N/A,-,,,7,ゲームバリエーション,サブタイプ,"""gm""を記録する",gm,,,福田,
237,rcgs_work_sparql_2309.csv,s,-,,https://collection.rcgs.jp/resource/WORK0000016,8,ゲーム作品,メモ,"""https://collection.rcgs.jp/resource/""を削除",WORK0000016,IDを記録する,,福田,
238,rcgs_work_sparql_2309.csv,rdfs_label_gcc,-,リソースの文字列構造化もしくは符号化による識別のための名称,かまいたちの夜2 監獄島のわらべ唄 (2002),8,ゲーム作品,,,,,,福田,
239,rcgs_work_sparql_2309.csv,skos_prefLabel_ja_gcc,-,リソースの優先的に用いられる日本語の名称,かまいたちの夜2 監獄島のわらべ唄,8,ゲーム作品,タイトル,,,,,福田,
240,rcgs_work_sparql_2309.csv,skos_prefLabel_en_gcc,-,リソースの優先的に用いられる英語の名称,,8,ゲーム作品,タイトル（外国語）,,,,,福田,
241,rcgs_work_sparql_2309.csv,skos_altLabel_ja_gcc,-,リソースの代替的に用いられる日本語の名称,,8,ゲーム作品,別タイトル,,,,,福田,
242,rcgs_work_sparql_2309.csv,skos_altLabel_en_gcc,-,リソースの代替的に用いられる英語の名称,,8,ゲーム作品,別タイトル（外国語）,,,,,福田,
243,rcgs_work_sparql_2309.csv,spatial,-,リソースに関する場所,,8,ゲーム作品,地理的範囲,,,,,福田,
244,rcgs_work_sparql_2309.csv,date,-,リソースに関する日付,2002,8,ゲーム作品,公開年月日,,,,,福田,
245,rcgs_work_sparql_2309.csv,description,-,リソースの内容に関する説明,,8,ゲーム作品,概要,,,,,福田,
246,rcgs_work_sparql_2309.csv,identifier,-,同じもしくは関連するリソースを示す外部の典拠の識別子,,8,ゲーム作品,外部ID,,,,,福田,
247,rcgs_work_sparql_2309.csv,closeMatch,-,レコードを作成するにあたって基準となるWikidataのレコード,https://www.wikidata.org/wiki/Q17225945,8,ゲーム作品,外部の関連リソース,,,,,福田,
248,rcgs_work_sparql_2309.csv,twitch,-,Twitchののリソースの識別子,,8,ゲーム作品,Twitch Game ID,,,,,福田,
249,rcgs_work_sparql_2309.csv,freebase,-,Freebaseのリソースの識別子,,8,ゲーム作品,Freebase ID,,,,,福田,
250,rcgs_work_sparql_2309.csv,mobyGames,-,MobyGamesのリソースの識別子,,8,ゲーム作品,Mobygames ID,,,,,福田,
251,rcgs_work_sparql_2309.csv,metacritic,-,Metacriticsのリソースの識別子,,8,ゲーム作品,Metacritic ID,,,,,福田,
252,rcgs_work_sparql_2309.csv,seeAlso,-,同じもしくは関連するリソースを示す外部のウェブサイト,,8,ゲーム作品,外部の関連リソース,,,,,福田,
253,rcgs_work_sparql_2309.csv,imdb,-,Imdbのリソースの識別子,,8,ゲーム作品,Imdb ID,,,,,福田,
254,rcgs_work_sparql_2309.csv,audience,-,リソースが想定する対象者,,8,ゲーム作品,対象者,,,,,福田,
255,rcgs_work_sparql_2309.csv,natureOfContent,-,リソースの主要なコンテンツの特性,,8,ゲーム作品,内容の性質,,,,,福田,
256,rcgs_work_sparql_2309.csv,serialNumber,-,シリアルのリソースの一部である場合の部分の指定,,8,ゲーム作品,ナンバー指示子,,,,,福田,
257,rcgs_work_sparql_2309.csv,disambiguatingDescription,-,他の属性や関連で記録されないリソースの識別的特徴,,8,ゲーム作品,その他の識別的特徴,,,,,福田,
258,rcgs_work_sparql_2309.csv,locationCreated,-,リソースの創作に関する場所,,8,ゲーム作品,出所,,,,,福田,
259,rcgs_work_sparql_2309.csv,about,-,リソースのトピック,,8,ゲーム作品,キーワード・タグ,,,,,福田,
260,rcgs_work_sparql_2309.csv,subjectOf,-,リソースを主題とするリソース,,8,ゲーム作品,,,,,,福田,
261,rcgs_work_sparql_2309.csv,gameLocation,-,ゲーム内で舞台となる場所,,8,ゲーム作品,舞台,,,,,福田,
262,rcgs_work_sparql_2309.csv,creator,-,リソースの創作に責任を持つ主体,,8,ゲーム作品,作者,,,,,福田,
263,rcgs_work_sparql_2309.csv,productionCompany,-,リソースの制作に責任を持つ団体,,8,ゲーム作品,制作企業,該当する責任主体のIDに変換（メモより同定可能）,,,,福田,
264,rcgs_work_sparql_2309.csv,relatedAgent,-,リソースに関連を持つ主体,,8,ゲーム作品,関連する主体,,,,,福田,
265,rcgs_work_sparql_2309.csv,logo,-,リソースのロゴ,,8,ゲーム作品,ロゴ,,,,,福田,
266,rcgs_work_sparql_2309.csv,relation,-,リソースに関連を持つリソース,,8,ゲーム作品,関連する作品,該当するリソースのIDに変換（メモより同定可能）,,,,福田,
267,rcgs_work_sparql_2309.csv,isPartOf,-,リソースを論理的・物理的に部分として持つリソース,,8,ゲーム作品,関連（isPartOf）,該当するリソースのIDに変換（メモより同定可能）,,,,福田,
268,rcgs_work_sparql_2309.csv,hasPart,-,リソースの論理的・物理的な部分であるリソース,,8,ゲーム作品,関連（hasPart）,該当するリソースのIDに変換（メモより同定可能）,,,,福田,
269,rcgs_work_sparql_2309.csv,precedes,-,リソースに先行するリソース,,8,ゲーム作品,先行の作品,該当するリソースのIDに変換（メモより同定可能）,,,,福田,
270,rcgs_work_sparql_2309.csv,succeeds,-,リソースに後続するリソース,,8,ゲーム作品,後続の作品,該当するリソースのIDに変換（メモより同定可能）,,,,福田,
271,rcgs_work_sparql_2309.csv,sequelTo,-,リソースに物語上先行するリソース,,8,ゲーム作品,物語上の先行の作品,該当するリソースのIDに変換（メモより同定可能）,,,,福田,
272,rcgs_work_sparql_2309.csv,sequel,-,リソースに物語上後続するリソース,,8,ゲーム作品,物語上の後続の作品,該当するリソースのIDに変換（メモより同定可能）,,,,福田,
273,rcgs_work_sparql_2309.csv,remadeAs,-,リソースのリメイク元であるリソース,,8,ゲーム作品,リメイクされた作品,該当するリソースのIDに変換（メモより同定可能）,,,,福田,
274,rcgs_work_sparql_2309.csv,complements,-,リソースの補完されたリソース,,8,ゲーム作品,保管された作品,該当するリソースのIDに変換（メモより同定可能）,,,,福田,
275,rcgs_work_sparql_2309.csv,expandedAs,-,リソースの増補されたリソース,,8,ゲーム作品,増補された作品,該当するリソースのIDに変換（メモより同定可能）,,,,福田,
276,rcgs_work_sparql_2309.csv,spinOff,-,リソースのスピンオフされたリソース,,8,ゲーム作品,スピンオフされた作品,該当するリソースのIDに変換（メモより同定可能）,,,,福田,
277,rcgs_work_sparql_2309.csv,note,-,リソース識別に関する注記,,8,ゲーム作品,その他の識別的特徴,,,,,福田,
278,rcgs_work_sparql_2309.csv,source,-,管理メタデータに記録される情報源,https://www.wikidata.org/wiki/Q17225945 (accessed 2019-08-27)|https://www.wikidata.org/entity/Q17225945 (accessed 2020-10-30),8,ゲーム作品,データ出典,,,,,福田,
279,rcgs_work_sparql_2309.csv,genre,-,ゲームの目的やルールの形式や特徴などに基づくゲームの全般的性質,ビジュアルノベル|サウンドノベル,8,ゲーム作品,ゲームプレイジャンル,,,,,福田,
280,rcgs_work_sparql_2309.csv,narrativeGenre,-,ゲーム世界やプロットの一般的形式,ホラー|ミステリー,8,ゲーム作品,概要,"値があるときは冒頭に""物語ジャンル:△""を追加する",物語ジャンル: ホラー　＼＼　物語ジャンル: ミステリー,,,福田,
281,rcgs_work_sparql_2309.csv,abstract,-,リソースの内容の短い説明や表示,,8,ゲーム作品,概要,"値があるときは冒頭に""要約:△""を追加する",,,,福田,
282,rcgs_work_sparql_2309.csv,theme,-,ゲームで繰り返し登場する筋道やモチーフや主題やアイデア,,8,ゲーム作品,概要,"値があるときは冒頭に""テーマ:△""を追加する",,,,福田,
283,rcgs_work_sparql_2309.csv,mood,-,特定の感情や心情を喚起するゲームの雰囲気やトーンの形式,,8,ゲーム作品,概要,"値があるときは冒頭に""ムード:△""を追加する",,,,福田,
284,rcgs_work_sparql_2309.csv,setting,-,ゲーム内で位置づけられる時期,,8,ゲーム作品,概要,"値があるときは冒頭に""設定:△""を追加する",,,,福田,
285,rcgs_work_sparql_2309.csv,series,-,しばしばナンバリングで示される物語の継続やゲームプレイやテーマの類似性を示す複数のゲーム作品に共通する名称,かまいたちの夜,8,ゲーム作品,シリーズ名,,,,,福田,
286,rcgs_work_sparql_2309.csv,franchise,-,知的財産やデータの関連やコンテンツの共有などに関連する一般的な名称,かまいたちの夜,8,ゲーム作品,概要,"値があるときは冒頭に""メディアフランチャイズ:△""を追加する",,,,福田,
287,rcgs_work_sparql_2309.csv,mechanic,-,ゲームの進展と状態との相互作用に用いられる主要な方法とルール,,8,ゲーム作品,概要,"値があるときは冒頭に""メカニック:△""を追加する",,,,福田,
288,rcgs_work_sparql_2309.csv,protagonist,-,プレイヤーが操作する主人公,,8,ゲーム作品,概要,"値があるときは冒頭に""主人公:△""を追加する",,,,福田,
289,,N/A,-,,,8,ゲーム作品,タイプ,"""GameWork""を記録する",GameWork,,,福田,
290,,N/A,-,,,8,ゲーム作品,サブタイプ,"""gm""を記録する",gm,,,福田,
291,,N/A,-,,,8,ゲーム作品,ジャンル,"""ゲーム作品""を記録する",ゲーム作品,,,福田,
292,rcgs_relatedinstance_sparql_2310.csv,item,-,個別資料のURI,https://collection.rcgs.jp/resource/ITEM0009409,9,ゲーム関連資料,メモ,"""https://collection.rcgs.jp/resource/""を削除",,,,,
293,rcgs_relatedinstance_sparql_2310.csv,item_identifier_gcc,-,同じリソースを示す外部の典拠の識別子,RCGSa0014122,9,ゲーム関連資料,資料ID,,,,,,
294,rcgs_relatedinstance_sparql_2310.csv,item_spatial_gcc,-,リソースに関連する場所,7,9,ゲーム関連資料,,,,,,,
295,rcgs_relatedinstance_sparql_2310.csv,item_owns_gcc,-,合法的に所有する主体,https://collection.rcgs.jp/resource/AGENT0000848,9,ゲーム関連資料,保管者,該当する責任主体のIDに変換（メモより同定可能）,,,,,
296,rcgs_relatedinstance_sparql_2310.csv,item_owns_gcc,-,合法的に所有する主体,https://collection.rcgs.jp/resource/AGENT0000848,9,ゲーム関連資料,データ提供者,該当する責任主体のIDに変換（メモより同定可能）,,,,,
297,rcgs_relatedinstance_sparql_2310.csv,s_gcc,-,関連資料のURI,https://collection.rcgs.jp/resource/RELATEDINSTANCE0009648,9,ゲーム関連資料,所蔵DBリンク,"値の""/resource/""を""/page/""に置換する",https://collection.rcgs.jp/page/RELATEDINSTANCE0009648,,,,
298,rcgs_relatedinstance_sparql_2310.csv,type,-,リソースの一般形による分類,https://collection.rcgs.jp/terms/RelatedInstance|https://collection.rcgs.jp/terms/Magazine|https://collection.rcgs.jp/terms/InstanceProductType,9,ゲーム関連資料,サブジャンル,,,,,,
299,rcgs_relatedinstance_sparql_2310.csv,name,-,リソースに表記される主要なタイトル,月刊アミューズメント・ジャーナル,9,ゲーム関連資料,タイトル,,,,,,
300,rcgs_relatedinstance_sparql_2310.csv,titleTranscription_jaHrkt,-,リソースのタイトルのカタカナかローマ字による翻字形,ゲッカン アミューズメント ジャーナル,9,ゲーム関連資料,タイトル（ヨミ）,,,,,,
301,rcgs_relatedinstance_sparql_2310.csv,titleTranscription_jaLatn,-,リソースのタイトルのカタカナかローマ字による翻字形,Gekkan amyuzumento janaru,9,ゲーム関連資料,タイトル（ローマ字）,,,,,,
302,rcgs_relatedinstance_sparql_2310.csv,parallelTitle,-,リソースの主要なタイトル以外の表記されるタイトル,Amusement Journal,9,ゲーム関連資料,別タイトル,,,,,,
303,rcgs_relatedinstance_sparql_2310.csv,alternative,-,リソースの他のタイトルの属性で記録されないタイトル,,9,ゲーム関連資料,別タイトル,,,,,,
304,rcgs_relatedinstance_sparql_2310.csv,abbreviatedTitle,-,リソースのタイトルの省略形,,9,ゲーム関連資料,別タイトル,,,,,,
305,rcgs_relatedinstance_sparql_2310.csv,edition,-,リソースの版の識別のための指定,,9,ゲーム関連資料,版表示,,,,,,
306,rcgs_relatedinstance_sparql_2310.csv,volume,-,リソースがある作品やシリーズの一部であることを示す表示,,9,ゲーム関連資料,巻,,,,,,
307,rcgs_relatedinstance_sparql_2310.csv,responsibilityStatement,-,リソースのタイトルの責任に関する表示,発行 : アミューズメント・ジャーナル,9,ゲーム関連資料,作者名,,,,,,
308,rcgs_relatedinstance_sparql_2310.csv,creator,-,リソースの創作に責任を持つ主体,,9,ゲーム関連資料,作者,該当する責任主体のIDに変換（メモより同定可能）,,,,,
309,rcgs_relatedinstance_sparql_2310.csv,contribution,-,リソースに貢献した主体,,9,ゲーム関連資料,スタッフ,,,,,,
310,rcgs_relatedinstance_sparql_2310.csv,issued,-,リソースが公開された日付,2018/2/28,9,ゲーム関連資料,,,,,,,
311,rcgs_relatedinstance_sparql_2310.csv,format_carrierType,-,メインユニットのキャリア種別,http://rdaregistry.info/termList/RDACarrierType/1049,9,ゲーム関連資料,フォーマット,"""[format_carrierType]△([format_extent],△[format_dimension])""としてマッピングする","冊子 (166 pages, 29.7 cm)",,,,
312,rcgs_relatedinstance_sparql_2310.csv,format_extent,-,メインユニットの数量,166 pages,9,ゲーム関連資料,フォーマット,"""[format_carrierType]△([format_extent],△[format_dimension])""としてマッピングする","冊子 (166 pages, 29.7 cm)",,,,
313,rcgs_relatedinstance_sparql_2310.csv,format_dimension,-,メインユニットの大きさの測定値,29.7 cm,9,ゲーム関連資料,フォーマット,"""[format_carrierType]△([format_extent],△[format_dimension])""としてマッピングする","冊子 (166 pages, 29.7 cm)",,,,
314,rcgs_relatedinstance_sparql_2310.csv,format_encodingFormat,-,メインユニットのエンコード形式,,9,ゲーム関連資料,,,,,,,
315,rcgs_relatedinstance_sparql_2310.csv,format_contentSize,-,メインユニットのコンテンツのファイルサイズ,,9,ゲーム関連資料,,,,,,,
316,rcgs_relatedinstance_sparql_2310.csv,subunit_carrierType,-,サブユニットのキャリア種別,,9,ゲーム関連資料,フォーマット,"""[subunit_carrierType]△([subunit_extent],△[subunit_dimension])""としてマッピングする","""[subunit_carrierType]△([subunit_extent],△[subunit_dimension])""としてマッピングする",,,,
317,rcgs_relatedinstance_sparql_2310.csv,subunit_extent,-,サブユニットの数量,,9,ゲーム関連資料,フォーマット,"""[subunit_carrierType]△([subunit_extent],△[subunit_dimension])""としてマッピングする",,,,,
318,rcgs_relatedinstance_sparql_2310.csv,subunit_dimension,-,サブユニットの大きさの測定値,,9,ゲーム関連資料,フォーマット,"""[subunit_carrierType]△([subunit_extent],△[subunit_dimension])""としてマッピングする",,,,,
319,rcgs_relatedinstance_sparql_2310.csv,subunit_encodingFormat,-,サブユニットのエンコード形式,,9,ゲーム関連資料,,,,,,,
320,rcgs_relatedinstance_sparql_2310.csv,subunit_contentSize,-,サブユニットのコンテンツのファイルサイズ,,9,ゲーム関連資料,,,,,,,
321,rcgs_relatedinstance_sparql_2310.csv,dimension,-,リソースの大きさの測定値,,9,ゲーム関連資料,大きさ,,,,,,
322,rcgs_relatedinstance_sparql_2310.csv,medium,-,リソースを物理的に構成する素材,http://rdaregistry.info/termList/RDAMaterial/1025,9,ゲーム関連資料,素材,,,,,,
323,rcgs_relatedinstance_sparql_2310.csv,identifier,-,同じもしくは関連するリソースの識別子を示す外部のウェブサイト,,9,ゲーム関連資料,外部ID,,,,,,
324,rcgs_relatedinstance_sparql_2310.csv,gtin13,-,リソースの主にバーコードで提供されるGTINによる識別子,,9,ゲーム関連資料,商品識別コード,,,,,,
325,rcgs_relatedinstance_sparql_2310.csv,isbn,-,リソースのISBNによる識別子,,9,ゲーム関連資料,ISBN,,,,,,
326,rcgs_relatedinstance_sparql_2310.csv,issn,-,リソースのISSNによる識別子,,9,ゲーム関連資料,ISSN,,,,,,
327,rcgs_relatedinstance_sparql_2310.csv,modelNumber,-,リソースの供給者が定義する型番による識別子,,9,ゲーム関連資料,型番,,,,,,
328,rcgs_relatedinstance_sparql_2310.csv,jpNumber,-,リソースの全国書誌番号による識別子,,9,ゲーム関連資料,外部ID,"値があるときは冒頭に""全国書誌番号:△""を追加する",,,,,
329,rcgs_relatedinstance_sparql_2310.csv,ndlBiBID,-,リソースの国会図書館書誌IDによる識別子,,9,ゲーム関連資料,国会図書館書誌ID,,,,,,
330,rcgs_relatedinstance_sparql_2310.csv,oclcNumber,-,リソースのOCLCナンバーによる識別子,,9,ゲーム関連資料,OCLCナンバー,,,,,,
331,rcgs_relatedinstance_sparql_2310.csv,seeAlso,-,同じもしくは関連するリソースを示す外部のウェブサイト,,9,ゲーム関連資料,外部の関連リソース,,,,,,
332,rcgs_relatedinstance_sparql_2310.csv,copyrightYear,-,リソースの著作権など保護の主張に関連する日付,©2018,9,ゲーム関連資料,著作権年,,,,,,
333,rcgs_relatedinstance_sparql_2310.csv,accessRights,-,リソースのアクセス制限,一般,9,ゲーム関連資料,アクセス制限,,,,,,
334,rcgs_relatedinstance_sparql_2310.csv,hasPart,-,リソースの論理的・物理的に部分として持つリソース,,9,ゲーム関連資料,関連（hasPart）,,,,,,
335,rcgs_relatedinstance_sparql_2310.csv,isPartOf,-,リソースの論理的・物理的な部分であるリソース,,9,ゲーム関連資料,関連（isPartOf）,,,,,,
336,rcgs_relatedinstance_sparql_2310.csv,abstract,-,リソースの内容の概要,,9,ゲーム関連資料,概要,"値があるときは冒頭に""要約:△""を追加する",,,,,
337,rcgs_relatedinstance_sparql_2310.csv,description,-,リソースの説明や注記とその他の属性で記録されない識別的特徴,,9,ゲーム関連資料,概要,,,,,,
338,rcgs_relatedinstance_sparql_2310.csv,relation,-,リソースに関連するリソース,,9,ゲーム関連資料,関連する作品,該当するリソースのIDに変換（メモより同定可能）,,,,,
339,rcgs_relatedinstance_sparql_2310.csv,references,-,リソースが参照するリソース,,9,ゲーム関連資料,関連する作品,該当するリソースのIDに変換（メモより同定可能）,,,,,
340,rcgs_relatedinstance_sparql_2310.csv,isReferencedBy,-,リソースが参照されるリソース,,9,ゲーム関連資料,関連する作品,該当するリソースのIDに変換（メモより同定可能）,,,,,
341,rcgs_relatedinstance_sparql_2310.csv,language,-,リソースの内容で用いられる言語,http://id.loc.gov/vocabulary/iso639-2/jpn,9,ゲーム関連資料,言語,,,,,,
342,rcgs_relatedinstance_sparql_2310.csv,about,-,リソースのトピック,,9,ゲーム関連資料,キーワード・タグ,,,,,,
343,rcgs_relatedinstance_sparql_2310.csv,subjectOf,-,リソースを主題とするリソース,,9,ゲーム関連資料,,,,,,,
344,rcgs_relatedinstance_sparql_2310.csv,tableOfContents,-,リソースを構成するサブユニットのリスト,,9,ゲーム関連資料,サブユニットリスト,,,,,,
345,rcgs_relatedinstance_sparql_2310.csv,brand,-,リソースの責任に関連するブランド,,9,ゲーム関連資料,概要,"値があるときは冒頭に""ブランド:△""を追加する",,,,,
346,rcgs_relatedinstance_sparql_2310.csv,PA_type,-,リソースの供給形式の種別,https://collection.rcgs.jp/terms/ProvisionActivity|https://collection.rcgs.jp/terms/Publication,9,ゲーム関連資料,概要,,,,,,
347,rcgs_relatedinstance_sparql_2310.csv,PA_publisherStatement,-,リソースの公開者名,アミューズメント・ジャーナル,9,ゲーム関連資料,発行者名,,,,,,
348,rcgs_relatedinstance_sparql_2310.csv,PA_date,-,リソースの公開日,2018-02-28,9,ゲーム関連資料,公開年月日,,,,,,
349,rcgs_relatedinstance_sparql_2310.csv,PA_spatial,-,リソースの地理的範囲,東京都豊島区,9,ゲーム関連資料,出版地,,,,,,
350,rcgs_relatedinstance_sparql_2310.csv,PA_source,-,リソースの供給に関する情報源,,9,ゲーム関連資料,データ出典,,,,,,
351,rcgs_relatedinstance_sparql_2310.csv,PA_note,-,リソースの供給の注記,,9,ゲーム関連資料,概要,"値があるときは冒頭に""供給形式注記:△""を追加する",,,,,
352,rcgs_relatedinstance_sparql_2310.csv,producer,-,非複製物であるリソースを制作した主体,,9,ゲーム関連資料,,,,,,,
353,rcgs_relatedinstance_sparql_2310.csv,publisher,-,リソースを出版した主体,https://collection.rcgs.jp/resource/AGENT0003204,9,ゲーム関連資料,発行者,該当する責任主体のIDに変換（メモより同定可能）,,,,,
354,rcgs_relatedinstance_sparql_2310.csv,distributor,-,リソースを頒布した主体,,9,ゲーム関連資料,発行者,該当する責任主体のIDに変換（メモより同定可能）,,,,,
355,rcgs_relatedinstance_sparql_2310.csv,manufacturer,-,リソースを製造した主体,,9,ゲーム関連資料,,,,,,,
356,rcgs_relatedinstance_sparql_2310.csv,seriesStatement,-,リソースが属するシリーズのタイトルやシリーズ内ナンバーの表示,月刊アミューズメント・ジャーナル ; 18(3)=203,9,ゲーム関連資料,シリーズ名,,,,,,
357,rcgs_relatedinstance_sparql_2310.csv,subseriesStatement,-,リソースが属するサブシリーズのタイトルやサブシリーズ内ナンバーの表示,,9,ゲーム関連資料,シリーズ名,,,,,,
358,rcgs_relatedinstance_sparql_2310.csv,modeOfIssuance,-,単独、複数部分での発行、更新方法ないしは終了の決定を反映した分類,http://rdaregistry.info/termList/ModeIssue/1003,9,ゲーム関連資料,概要,"値があるときは冒頭に""刊行形式:△""を追加する",,,,,
359,rcgs_relatedinstance_sparql_2310.csv,publicationPeriodicity,-,リソースの刊行の頻度の分類,http://rdaregistry.info/termList/frequency/1008,9,ゲーム関連資料,概要,"値があるときは冒頭に""刊行頻度:△""を追加する",,,,,
360,rcgs_relatedinstance_sparql_2310.csv,serialNumber,-,シリアルにおける部分を示す順番に基づく指定,第18巻 第3号 (通巻203号),9,ゲーム関連資料,,,,,,,
361,rcgs_relatedinstance_sparql_2310.csv,volumeNumber,-,シリアルにおける出版の巻の指定、もしくは整数による号の指定,18,9,ゲーム関連資料,巻,,,,,,
362,rcgs_relatedinstance_sparql_2310.csv,issueNumber,-,シリアルにおける出版の号の指定,3,9,ゲーム関連資料,号,,,,,,
363,rcgs_relatedinstance_sparql_2310.csv,price,-,リソースの供給者による希望小売価格,"定価 1,650円",9,ゲーム関連資料,価格,,,,,,
364,rcgs_relatedinstance_sparql_2310.csv,downloadUrl,-,リソースを取得するためのウェブサイト,,9,ゲーム関連資料,URL,,,,,,
365,rcgs_relatedinstance_sparql_2310.csv,created,-,リソースの創作に関する日付,,9,ゲーム関連資料,概要,"値があるときは冒頭に""作成日:△""を追加する",,,,,
366,rcgs_relatedinstance_sparql_2310.csv,locationCreated,-,リソースの創作に関する場所,,9,ゲーム関連資料,制作地,,,,,,
367,rcgs_relatedinstance_sparql_2310.csv,thumbnailUrl,-,ゲームパッケージのサムネイル画像,,9,ゲーム関連資料,サムネイル,,,,,,
368,rcgs_relatedinstance_sparql_2310.csv,source,-,メタデータの情報源,,9,ゲーム関連資料,データ出典,,,,,,
369,,N/A,-,,,9,ゲーム関連資料,タイプ,"""GameRelatedInstance""を記録する",GameRelatedInstance,,,,
370,,N/A,-,,,9,ゲーム関連資料,サブタイプ,"""gm""を記録する",gm,,,,
371,,N/A,-,,,9,ゲーム関連資料,ジャンル,"""ゲーム関連資料""を記録する",ゲーム関連資料,,,,
372,,N/A,-,,,6,ゲーム個別資料,データ提供者,"""国立国会図書館""を記録する",国立国会図書館,,,,
373,ndl_item_18to25_修正,seeAlso,-,[NDLオンラインの当該リソースへのリンク],http://id.ndl.go.jp/bib/031510345,6,ゲーム個別資料,提供データURL,,http://id.ndl.go.jp/bib/031510345,,,,
374,ndl_item_18to25_修正,seeAlso,-,[NDLオンラインの当該リソースへのリンク],http://id.ndl.go.jp/bib/031510345,6,ゲーム個別資料,例示されたパッケージ,提供データURLにこの値（例えばサンプルデータ）が記録されるゲームパッケージのMADB IDが記録される,M761703,個別資料とゲームパッケージをつなぐ重要な項目です,,,
375,,N/A,-,,,5,ゲームパッケージ,データ提供者,"""国立国会図書館""を記録する",国立国会図書館,,,,
376,ndl_package_18to25(1).csv,seeAlso,-,[NDLオンラインの当該リソースへのリンク],http://id.ndl.go.jp/bib/031510345,5,ゲームパッケージ,提供データURL,,http://id.ndl.go.jp/bib/031510345,,,,